week,Revenue,Orders,Quantity,AvgDiscount,DeliveryRate,Category_Books,Category_Clothing,Category_Electronics,Category_Home & Kitchen,Category_Sports & Outdoors,Category_Toys & Games,PaymentMethod_Amazon Pay,PaymentMethod_Cash On Delivery,PaymentMethod_Credit Card,PaymentMethod_Debit Card,PaymentMethod_Net Banking,PaymentMethod_Upi,Country_Australia,Country_Canada,Country_India,Country_United Kingdom,Country_United States,Brand_Apex,Brand_Brightlux,Brand_Coretech,Brand_Fitlife,Brand_Homeease,Brand_Kiddofun,Brand_Nexpro,Brand_Readmore,Brand_Urbanstyle,Brand_Zenith,State_CA,State_FL,State_NC,State_Other,State_TX,State_WA,City_Austin,City_Charlotte,City_Chicago,City_Columbus,City_Dallas,City_Jacksonville,City_Los Angeles,City_Other,City_San Jose,City_Seattle,City_Washington
2019-12-30/2020-01-05,171833.3125,262,780,0.0765267175572519,0.7404580152671756,47,44,30,37,51,53,41,12,96,45,24,44,7,15,41,9,190,25,20,30,34,34,23,24,23,22,27,60,15,22,93,60,12,16,22,6,15,11,15,18,121,15,12,11
2020-01-06/2020-01-12,286423.77999999997,386,1149,0.07370466321243523,0.8134715025906736,66,65,56,72,63,64,59,19,124,81,41,62,15,26,61,26,258,33,38,43,42,39,45,35,42,35,34,68,29,23,135,109,22,23,23,13,18,22,29,18,178,21,22,19
2020-01-13/2020-01-19,291221.55,410,1230,0.06487804878048781,0.748780487804878,71,60,73,69,74,63,59,12,140,86,37,76,19,20,48,16,307,43,37,38,45,43,34,44,35,53,38,92,14,23,158,98,25,17,23,16,19,23,14,22,203,28,25,20
2020-01-20/2020-01-26,252467.7675,377,1155,0.07228116710875332,0.7241379310344828,54,62,78,57,72,54,65,15,130,74,34,59,17,19,61,22,258,38,45,36,37,32,53,25,42,27,42,73,19,13,156,98,18,26,13,16,19,22,19,16,181,15,18,32
2020-01-27/2020-02-02,281012.0725,387,1169,0.0748062015503876,0.7674418604651163,66,67,74,59,57,64,63,23,148,69,33,51,14,26,49,18,280,32,34,29,43,40,40,32,41,45,51,83,26,29,147,83,19,15,29,11,21,14,26,22,193,22,19,15
2020-02-03/2020-02-09,238748.605,358,1061,0.06564245810055866,0.7486033519553073,52,67,46,70,56,67,37,12,133,78,43,55,11,21,57,17,252,45,35,36,31,31,36,32,45,37,30,77,17,19,135,92,18,19,19,16,18,19,17,15,182,23,18,12
2020-02-10/2020-02-16,267896.8525,365,1070,0.07438356164383562,0.7808219178082192,49,60,63,57,70,66,46,23,138,70,30,58,13,17,58,31,246,36,31,42,45,43,27,38,34,27,42,67,18,22,133,107,18,24,22,12,15,23,18,18,176,20,18,19
2020-02-17/2020-02-23,265112.7075,374,1102,0.07419786096256685,0.7754010695187166,75,61,59,71,50,58,58,19,109,75,43,70,14,21,65,20,254,34,41,38,37,33,40,49,31,37,34,74,16,16,146,97,25,25,16,19,18,22,16,19,177,18,25,19
2020-02-24/2020-03-01,236156.16999999998,346,974,0.06459537572254336,0.7572254335260116,60,65,51,54,62,54,56,15,113,78,37,47,11,18,43,15,259,34,29,23,43,28,37,35,43,33,41,70,11,19,140,95,11,24,19,14,21,14,11,19,179,16,11,18
2020-03-02/2020-03-08,257471.63,362,1102,0.0680939226519337,0.7375690607734806,59,69,69,50,60,55,54,16,118,74,30,70,14,24,49,15,260,34,41,30,38,36,31,38,37,39,38,80,21,12,130,101,18,17,12,15,15,18,21,17,190,22,18,17
2020-03-09/2020-03-15,242063.5725,377,1090,0.07161803713527852,0.7453580901856764,57,69,76,58,60,57,57,19,127,71,41,62,12,26,58,22,259,31,40,34,38,51,35,42,40,30,36,77,13,21,156,96,14,23,21,12,18,16,13,24,202,13,14,21
2020-03-16/2020-03-22,271994.31,401,1218,0.0672069825436409,0.6982543640897756,59,62,70,74,76,60,47,10,136,84,55,69,18,26,68,25,264,36,46,37,48,42,37,41,37,37,40,59,26,22,167,101,26,26,22,13,17,24,26,18,187,23,26,19
2020-03-23/2020-03-29,300807.335,404,1238,0.07834158415841584,0.7698019801980198,68,71,76,66,60,63,81,15,128,80,40,60,22,32,56,9,285,42,43,38,39,46,56,37,31,33,39,74,20,20,159,102,29,28,20,25,17,17,20,21,193,19,29,15
2020-03-30/2020-04-05,241584.09,369,1093,0.06951219512195123,0.7018970189701897,69,58,60,55,59,68,61,14,134,74,38,48,24,16,46,15,268,34,40,37,42,42,33,35,33,40,33,65,21,14,141,99,29,25,14,16,18,19,21,13,174,19,29,21
2020-04-06/2020-04-12,265140.205,384,1172,0.06744791666666668,0.7552083333333334,56,66,77,52,57,76,62,18,140,74,31,59,19,25,69,13,258,41,41,35,44,36,29,45,33,41,39,70,16,18,171,82,27,15,18,17,25,21,16,20,193,15,27,17
2020-04-13/2020-04-19,282555.765,412,1238,0.0688106796116505,0.6966019417475728,61,69,69,75,71,67,58,10,179,82,35,48,13,20,53,20,306,43,37,47,37,36,37,35,38,51,51,96,15,14,165,101,21,21,14,17,17,21,15,28,221,21,21,16
2020-04-20/2020-04-26,269708.225,411,1269,0.08029197080291971,0.7420924574209246,66,69,64,78,64,70,64,21,131,91,43,61,14,20,61,23,293,30,48,44,52,33,48,42,34,35,45,81,21,21,169,95,24,26,21,25,24,16,21,25,181,24,24,24
2020-04-27/2020-05-03,277740.2575,369,1132,0.08170731707317073,0.7940379403794038,58,69,66,56,65,55,59,22,128,63,38,59,9,24,56,18,262,32,35,37,45,30,37,36,35,47,35,83,15,15,124,105,27,19,15,14,15,23,15,25,180,21,27,15
2020-05-04/2020-05-10,263710.7475,365,1103,0.07438356164383562,0.7424657534246575,64,51,56,71,60,63,56,15,120,65,35,74,20,29,49,28,239,43,38,30,34,35,28,40,43,37,37,83,13,20,136,95,18,23,20,17,20,22,13,20,175,23,18,14
2020-05-11/2020-05-17,272479.445,382,1171,0.07670157068062827,0.7722513089005235,59,65,72,65,61,60,49,20,143,69,44,57,16,22,62,17,265,50,41,41,35,34,32,38,41,40,30,85,16,18,160,82,21,16,18,21,23,14,16,23,190,17,21,23
2020-05-18/2020-05-24,259456.3975,370,1107,0.07283783783783783,0.7675675675675676,55,69,58,65,69,54,57,26,126,64,37,60,13,18,50,15,274,33,32,47,40,37,36,41,35,38,31,76,19,18,136,104,17,22,18,27,15,16,19,23,185,18,17,10
2020-05-25/2020-05-31,277709.52,398,1212,0.07839195979899498,0.7638190954773869,61,68,65,70,60,74,60,25,127,86,40,60,13,17,54,18,296,38,36,42,29,33,54,49,44,38,35,71,21,21,168,101,16,25,21,21,24,18,21,18,196,19,16,19
2020-06-01/2020-06-07,281751.68,369,1145,0.07398373983739838,0.7452574525745257,66,59,60,47,83,54,66,20,109,69,40,65,22,15,54,20,258,29,32,43,38,28,32,57,39,33,38,64,23,15,144,106,17,19,15,15,22,22,23,21,179,12,17,24
2020-06-08/2020-06-14,241802.4025,380,1083,0.07736842105263159,0.7631578947368421,61,53,66,56,65,79,42,20,129,81,41,67,10,20,60,14,276,36,41,34,37,39,37,36,43,36,41,71,19,24,149,99,18,27,24,21,22,16,19,15,182,20,18,16
2020-06-15/2020-06-21,269440.27749999997,378,1188,0.07764550264550264,0.7645502645502645,75,75,42,63,65,58,67,19,134,64,39,55,14,16,71,13,264,39,39,38,33,38,56,45,30,30,30,83,22,21,148,79,25,20,21,17,14,18,22,19,180,23,25,19
2020-06-22/2020-06-28,254046.41,404,1162,0.07190594059405941,0.7029702970297029,78,71,61,65,55,74,70,17,149,78,48,42,15,36,51,14,288,39,46,36,41,31,57,35,42,36,41,89,20,27,162,88,18,17,27,20,18,21,20,20,201,20,18,22
2020-06-29/2020-07-05,289910.79,384,1181,0.06861979166666667,0.7473958333333334,68,49,78,68,56,65,57,22,118,94,36,57,16,20,65,22,261,42,54,36,30,33,44,36,41,35,33,81,21,19,148,99,16,21,19,23,14,23,21,21,183,19,16,24
2020-07-06/2020-07-12,265375.07,366,1092,0.07650273224043716,0.7568306010928961,82,57,60,57,54,56,55,14,139,62,41,55,16,15,49,19,267,36,36,42,44,32,35,27,36,38,40,81,14,17,147,87,20,19,17,15,16,15,14,23,188,16,20,23
2020-07-13/2020-07-19,222865.455,351,1038,0.0707977207977208,0.7435897435897436,46,61,58,64,62,60,56,19,137,57,28,54,14,15,64,23,235,22,39,46,37,38,27,38,33,37,34,83,16,12,127,98,15,24,12,15,20,23,16,19,161,24,15,22
2020-07-20/2020-07-26,263641.15249999997,401,1207,0.07456359102244389,0.7331670822942643,56,74,72,61,65,73,51,28,146,90,29,57,25,25,54,22,275,41,40,44,43,34,36,42,44,43,34,81,21,19,169,89,22,16,19,15,21,24,21,21,204,21,22,17
2020-07-27/2020-08-02,286888.1525,418,1225,0.08504784688995216,0.7631578947368421,77,75,66,54,66,80,60,19,147,94,35,63,20,31,68,21,278,43,51,40,40,39,56,39,49,29,32,87,26,21,159,113,12,9,21,25,22,25,26,23,220,18,12,17
2020-08-03/2020-08-09,297806.4675,413,1245,0.07300242130750606,0.7554479418886199,61,69,71,65,76,71,57,19,146,91,38,62,14,20,79,20,280,38,36,46,41,52,33,41,40,40,46,84,16,12,158,117,26,25,12,20,23,22,16,19,202,28,26,20
2020-08-10/2020-08-16,289582.025,405,1218,0.07222222222222222,0.7728395061728395,73,70,71,69,59,63,63,15,146,81,44,56,14,32,60,22,277,41,35,32,44,43,37,55,39,37,42,87,15,24,155,103,21,12,24,19,20,27,15,30,200,16,21,21
2020-08-17/2020-08-23,288959.7025,408,1285,0.06985294117647059,0.7573529411764706,63,63,70,62,84,66,66,20,146,76,44,56,15,30,55,18,290,40,39,39,41,47,43,41,46,35,37,92,24,15,150,111,16,25,15,19,12,20,24,29,198,29,16,21
2020-08-24/2020-08-30,248436.5425,370,1135,0.07662162162162163,0.7594594594594595,65,63,59,67,49,67,69,20,114,77,31,59,18,18,57,21,256,33,37,36,45,41,31,34,42,36,35,82,22,27,145,74,20,16,27,16,16,15,22,25,183,12,20,18
2020-08-31/2020-09-06,280257.705,400,1209,0.076625,0.7675,65,66,56,77,61,75,63,12,139,82,45,59,22,28,58,25,267,48,37,42,42,44,40,31,32,46,38,78,17,20,173,91,21,17,20,24,27,27,17,21,186,20,21,20
2020-09-07/2020-09-13,282114.215,367,1109,0.0723433242506812,0.7874659400544959,63,65,56,69,54,60,63,12,126,85,31,50,8,23,62,24,250,30,34,36,38,29,33,38,46,37,46,67,15,17,144,107,17,13,17,15,21,18,15,20,194,19,17,18
2020-09-14/2020-09-20,248194.3225,403,1167,0.07133995037220843,0.6997518610421837,74,78,68,63,57,63,53,16,143,91,39,61,12,24,68,17,282,33,43,40,35,47,38,43,43,47,34,97,17,25,161,88,15,15,25,22,22,24,17,24,191,28,15,20
2020-09-21/2020-09-27,277732.96,401,1230,0.07256857855361597,0.7556109725685786,68,58,81,69,54,71,58,24,142,85,32,60,11,22,69,32,267,36,45,35,37,40,47,40,43,35,43,76,16,29,154,107,19,18,29,14,23,20,16,12,209,19,19,22
2020-09-28/2020-10-04,265850.965,387,1123,0.07144702842377261,0.7700258397932817,70,68,68,65,60,56,58,24,133,84,28,60,20,20,55,12,280,40,32,37,36,36,42,39,39,52,34,82,24,17,149,88,27,9,17,17,26,22,24,23,187,20,27,15
2020-10-05/2020-10-11,247988.12,365,1094,0.07452054794520548,0.7561643835616438,72,48,70,67,52,56,43,27,128,70,42,55,17,26,61,18,243,37,30,36,42,29,40,36,28,50,37,74,23,19,142,82,25,12,19,16,22,22,23,19,173,14,25,20
2020-10-12/2020-10-18,233958.59,340,1010,0.07102941176470588,0.7382352941176471,64,61,62,46,60,47,43,18,123,65,34,57,13,17,56,11,243,33,34,41,22,35,37,37,36,42,23,58,17,18,127,98,22,24,18,14,20,16,17,15,165,13,22,16
2020-10-19/2020-10-25,241430.76499999998,359,1059,0.0701949860724234,0.724233983286908,64,55,58,54,56,72,56,21,118,76,34,54,16,22,42,25,254,39,32,36,38,43,36,31,32,38,34,76,10,15,150,89,19,19,15,20,18,17,10,11,182,26,19,22
2020-10-26/2020-11-01,283726.1475,402,1241,0.072636815920398,0.7189054726368159,69,62,60,66,79,66,60,13,128,86,45,70,16,24,60,21,281,39,44,38,47,51,45,33,35,35,35,66,21,23,167,106,19,19,23,24,28,32,21,16,186,19,19,15
2020-11-02/2020-11-08,260831.055,371,1125,0.06765498652291106,0.7493261455525606,51,52,63,64,81,60,49,18,129,70,39,66,19,16,73,9,254,34,35,41,27,45,41,47,26,32,43,80,18,24,144,82,23,25,24,20,14,15,18,13,177,21,23,21
2020-11-09/2020-11-15,267144.8525,402,1195,0.08034825870646767,0.7313432835820896,78,62,63,71,65,63,54,31,132,72,44,69,21,20,54,18,289,32,40,49,36,38,42,40,40,48,37,79,19,19,153,109,23,24,19,22,23,26,19,21,191,22,23,12
2020-11-16/2020-11-22,233622.35749999998,355,1021,0.06859154929577466,0.7295774647887324,63,66,65,55,48,58,48,14,129,72,39,53,14,16,49,17,259,36,46,34,33,44,29,30,34,35,34,67,14,18,161,84,11,17,18,13,25,17,14,15,188,15,11,22
2020-11-23/2020-11-29,291062.9075,423,1250,0.0706855791962175,0.7612293144208038,77,59,80,74,71,62,69,26,140,92,39,57,21,33,53,20,296,41,34,37,51,38,37,49,51,40,45,82,17,38,163,108,15,15,38,20,18,24,17,23,201,19,15,33
2020-11-30/2020-12-06,249190.225,385,1168,0.07896103896103897,0.7376623376623377,52,70,70,64,61,68,71,11,139,70,40,54,23,23,58,25,256,32,30,36,31,42,45,43,44,39,43,70,16,13,158,106,22,23,13,15,24,18,16,17,205,18,22,14
2020-12-07/2020-12-13,287273.3025,394,1169,0.06662436548223351,0.7639593908629442,60,60,65,66,56,87,55,24,142,74,43,56,19,20,56,29,270,36,40,39,42,36,36,43,38,50,34,83,20,29,143,97,22,20,29,22,14,19,20,22,185,20,22,21
2020-12-14/2020-12-20,239764.3175,353,1063,0.07903682719546742,0.7280453257790368,56,64,51,67,58,57,52,13,117,81,32,58,12,24,66,21,230,42,39,32,38,33,37,30,35,25,42,59,23,20,151,79,21,15,20,24,22,21,23,14,164,18,21,11
2020-12-21/2020-12-27,270543.3525,409,1218,0.06968215158924206,0.7457212713936431,65,61,63,71,85,64,50,24,141,95,37,62,17,27,69,18,278,41,39,41,33,44,45,56,33,47,30,77,25,23,173,93,18,18,23,30,16,20,25,15,196,21,18,27
2020-12-28/2021-01-03,286628.9175,434,1305,0.07361751152073732,0.7557603686635944,77,76,67,82,68,64,70,17,156,79,37,75,21,29,52,29,303,46,40,44,37,41,37,52,37,49,51,80,22,25,196,91,20,21,25,24,28,19,22,17,210,20,20,28
2021-01-04/2021-01-10,265011.65,385,1142,0.07116883116883117,0.7688311688311689,66,67,68,61,60,63,58,18,117,93,35,64,14,20,68,25,258,32,37,44,40,30,40,38,38,46,40,81,20,24,138,99,23,20,24,20,19,28,20,21,162,27,23,21
2021-01-11/2021-01-17,255419.3925,387,1190,0.07764857881136951,0.7648578811369509,60,83,65,55,65,59,54,22,116,94,42,59,18,21,71,18,259,47,39,35,31,35,38,38,43,37,44,72,30,25,144,105,11,24,25,17,18,21,30,26,184,17,11,14
2021-01-18/2021-01-24,256784.77,397,1152,0.07934508816120907,0.7556675062972292,68,71,68,59,64,67,53,15,150,81,23,75,12,30,59,25,271,49,35,47,41,38,35,37,40,31,44,70,18,17,175,101,16,17,17,20,19,14,18,17,217,19,16,23
2021-01-25/2021-01-31,280079.27999999997,395,1184,0.07405063291139241,0.7620253164556962,67,57,66,72,74,59,59,18,150,71,45,52,12,17,57,23,286,34,33,37,32,51,43,40,50,38,37,80,17,16,163,97,22,23,16,23,24,23,17,17,189,21,22,20
2021-02-01/2021-02-07,273317.67,392,1162,0.07576530612244897,0.7780612244897959,52,59,72,65,56,88,68,21,129,73,46,55,18,29,55,15,275,45,36,40,34,41,37,36,43,36,44,74,24,18,172,86,18,14,18,23,21,22,24,23,181,22,18,26
2021-02-08/2021-02-14,279141.955,380,1159,0.06947368421052633,0.7657894736842106,77,57,61,50,59,76,62,36,130,64,34,54,19,25,62,14,260,39,34,33,44,39,37,38,41,36,39,74,28,18,139,93,28,19,18,11,17,18,28,17,180,20,28,24
2021-02-15/2021-02-21,236681.2675,359,1050,0.07841225626740948,0.724233983286908,61,60,61,59,62,56,59,14,117,77,42,50,17,26,49,13,254,46,36,39,32,35,39,30,40,38,24,73,20,17,138,92,19,22,17,21,16,14,20,17,182,19,19,12
2021-02-22/2021-02-28,282673.5575,385,1153,0.0787012987012987,0.7818181818181819,53,70,57,67,66,72,56,16,125,80,53,55,17,21,82,25,240,34,25,38,44,34,34,36,54,44,42,65,19,24,174,85,18,15,24,12,27,17,19,17,199,14,18,23
2021-03-01/2021-03-07,251331.035,354,1090,0.07683615819209039,0.7429378531073446,61,67,54,64,50,58,48,11,125,71,39,60,13,24,57,19,241,37,37,36,35,40,35,35,40,24,35,69,20,16,147,81,21,15,16,22,17,18,20,16,161,20,21,28
2021-03-08/2021-03-14,254013.6525,388,1141,0.07164948453608247,0.729381443298969,69,70,67,63,56,63,62,17,137,81,38,53,11,23,61,26,267,35,45,43,40,35,38,50,38,30,34,69,16,24,163,95,21,20,24,23,18,19,16,14,201,13,21,19
2021-03-15/2021-03-21,234281.74,363,1103,0.07396694214876033,0.7300275482093664,51,72,53,64,49,74,69,21,108,69,45,51,10,24,62,19,248,36,41,38,33,34,43,34,39,30,35,73,20,15,133,97,25,16,15,18,15,21,20,25,173,15,25,20
2021-03-22/2021-03-28,247247.1975,372,1155,0.06854838709677419,0.7043010752688172,71,72,58,50,60,61,53,16,135,68,35,65,12,20,62,16,262,42,43,37,40,25,48,31,34,43,29,79,20,17,150,88,18,15,17,23,23,14,20,20,180,25,18,17
2021-03-29/2021-04-04,238408.0825,367,1058,0.06880108991825613,0.7574931880108992,67,59,62,60,53,66,67,15,138,59,40,48,14,21,42,18,272,37,40,42,37,31,43,35,34,35,33,70,21,21,161,71,23,13,21,14,20,14,21,17,187,20,23,17
2021-04-05/2021-04-11,244151.5275,386,1148,0.0783678756476684,0.727979274611399,59,70,62,58,72,65,54,16,137,73,42,64,18,25,46,17,280,35,39,41,39,31,48,53,27,39,34,91,21,18,144,90,22,21,18,18,16,19,21,21,190,18,22,22
2021-04-12/2021-04-18,240321.7725,353,1074,0.08611898016997167,0.7422096317280453,51,51,54,63,70,64,64,11,110,80,34,54,14,26,57,16,240,32,39,35,33,37,36,37,35,36,33,80,23,11,142,78,19,17,11,24,20,13,23,22,163,24,19,17
2021-04-19/2021-04-25,257544.7225,374,1140,0.06844919786096257,0.7486631016042781,57,57,75,62,65,58,55,18,133,76,44,48,16,24,53,21,260,42,33,35,42,39,47,31,38,27,40,74,18,17,148,102,15,18,17,23,16,16,18,15,196,17,15,23
2021-04-26/2021-05-02,269137.7475,371,1150,0.07547169811320754,0.7277628032345014,56,68,62,60,56,69,47,20,146,57,45,56,16,19,59,22,255,32,30,33,41,35,33,41,42,44,40,78,25,25,139,81,23,16,25,17,18,27,25,18,167,19,23,16
2021-05-03/2021-05-09,244017.88999999998,360,1061,0.06652777777777777,0.7638888888888888,67,63,56,50,59,65,53,18,125,73,25,66,12,17,51,22,258,37,33,30,34,40,33,28,43,40,42,77,22,13,139,97,12,17,13,20,14,17,22,20,184,20,12,21
2021-05-10/2021-05-16,268398.0775,387,1194,0.07441860465116279,0.7338501291989664,60,69,61,73,64,60,58,13,136,75,39,66,25,23,48,16,275,43,42,35,48,26,46,44,33,36,34,65,17,14,179,85,27,15,14,26,27,16,17,12,202,18,27,13
2021-05-17/2021-05-23,255792.65,392,1135,0.07908163265306123,0.7576530612244898,65,55,79,59,73,61,61,20,129,83,37,62,19,31,41,21,280,33,38,39,37,41,35,45,45,39,40,93,15,25,151,89,19,12,25,17,13,24,15,23,202,29,19,13
2021-05-24/2021-05-30,264643.2575,401,1135,0.06932668329177058,0.7331670822942643,72,54,66,65,63,81,58,19,151,73,38,62,19,22,47,25,288,42,42,39,25,32,44,48,44,45,40,84,22,21,142,115,17,17,21,23,18,26,22,20,195,22,17,20
2021-05-31/2021-06-06,259240.9125,405,1267,0.0728395061728395,0.7037037037037037,62,65,67,65,58,88,52,17,130,86,44,76,15,20,66,18,286,38,35,40,54,33,45,32,43,36,49,75,26,20,169,102,13,31,20,17,21,18,26,22,203,17,13,17
2021-06-07/2021-06-13,275444.98,400,1206,0.07350000000000001,0.75,45,75,76,74,69,61,52,23,156,76,38,55,16,23,64,22,275,42,39,36,39,40,40,32,45,42,45,86,21,16,165,96,16,22,16,21,15,19,21,20,213,18,16,19
2021-06-14/2021-06-20,275860.315,374,1192,0.07205882352941176,0.7620320855614974,51,70,59,72,63,59,44,18,138,62,38,74,16,24,55,23,256,35,47,42,37,34,40,33,33,39,34,76,21,18,144,95,20,16,18,23,18,19,21,19,174,24,20,22
2021-06-21/2021-06-27,289485.83,397,1195,0.07921914357682619,0.7808564231738035,58,77,79,69,58,56,62,17,140,85,37,56,16,23,57,18,283,38,36,46,39,48,41,35,36,35,43,88,20,23,157,91,18,16,23,20,19,28,20,29,178,24,18,22
2021-06-28/2021-07-04,230251.7,358,1056,0.073463687150838,0.7486033519553073,65,46,58,62,59,68,49,12,125,81,38,53,16,25,54,16,247,32,37,35,31,46,47,40,32,31,27,81,17,24,131,86,19,18,24,12,22,20,17,22,169,16,19,19
2021-07-05/2021-07-11,280771.6825,409,1264,0.07322738386308068,0.7457212713936431,92,65,61,49,83,59,56,16,168,84,29,56,12,31,68,16,282,31,41,40,45,41,47,41,54,33,36,76,22,23,156,109,23,27,23,14,22,18,22,12,206,23,23,19
2021-07-12/2021-07-18,249070.2925,371,1112,0.07641509433962264,0.7331536388140162,64,59,56,64,65,63,72,22,106,76,36,59,13,14,58,17,269,26,41,32,38,41,31,35,39,43,45,65,13,13,159,96,25,21,13,24,17,20,13,16,188,15,25,19
2021-07-19/2021-07-25,284709.65,411,1251,0.06520681265206812,0.754257907542579,66,66,66,66,70,77,54,19,135,94,41,68,17,27,52,18,297,42,44,46,36,38,46,38,38,39,44,82,28,21,165,91,24,17,21,23,19,16,28,20,197,30,24,16
2021-07-26/2021-08-01,257722.7375,383,1087,0.07610966057441254,0.7493472584856397,63,61,71,63,60,65,63,11,123,79,45,62,24,25,57,17,260,35,41,34,44,33,28,39,43,39,47,80,18,21,149,90,25,17,21,16,13,21,18,20,205,13,25,14
2021-08-02/2021-08-08,270855.8875,380,1108,0.07131578947368421,0.7736842105263158,68,54,44,74,73,67,54,21,128,75,44,58,20,15,64,14,267,33,40,47,35,42,32,39,43,41,28,73,19,19,149,100,20,16,19,18,22,23,19,15,192,21,20,15
2021-08-09/2021-08-15,232917.63,378,1118,0.08055555555555555,0.7592592592592593,65,68,70,58,61,56,63,20,133,72,40,50,13,27,58,12,268,41,37,29,38,34,41,36,47,38,37,74,17,19,159,92,17,17,19,16,17,23,17,22,189,18,17,23
2021-08-16/2021-08-22,275603.65,371,1134,0.06940700808625337,0.7601078167115903,71,59,57,55,62,67,53,23,136,77,33,49,9,24,55,11,272,37,41,43,49,34,36,35,31,33,32,76,13,19,137,108,18,15,19,26,16,23,13,14,186,18,18,23
2021-08-23/2021-08-29,281802.0175,408,1193,0.06985294117647059,0.7205882352941176,66,75,55,66,85,61,71,26,157,62,25,67,13,27,57,17,294,43,51,36,45,37,32,39,44,37,44,76,21,23,161,109,18,19,23,24,16,26,21,15,201,21,18,24
2021-08-30/2021-09-05,255532.19,381,1160,0.07677165354330709,0.7060367454068242,68,69,50,62,74,58,58,14,120,90,40,59,16,23,43,23,276,34,31,43,42,37,39,33,49,37,36,83,19,21,143,101,14,17,21,14,15,16,19,20,209,13,14,23
2021-09-06/2021-09-12,300128.46,417,1287,0.08045563549160671,0.7865707434052758,77,43,80,66,77,74,74,14,152,67,40,70,16,34,72,20,275,49,39,51,42,35,41,40,36,39,45,93,17,19,163,98,27,17,19,21,20,23,17,24,202,28,27,19
2021-09-13/2021-09-19,289966.25,400,1182,0.068375,0.76,80,68,65,62,59,66,61,21,145,73,45,55,13,28,54,16,289,44,35,33,45,42,49,46,26,36,44,92,20,20,160,94,14,19,20,27,18,24,20,22,184,28,14,24
2021-09-20/2021-09-26,250947.8975,366,1091,0.07472677595628416,0.73224043715847,63,54,63,64,59,63,60,12,130,73,38,53,10,18,47,21,270,26,37,40,37,38,42,39,36,37,34,89,15,23,131,89,19,14,23,17,13,25,15,23,178,25,19,14
2021-09-27/2021-10-03,255719.3425,369,1064,0.07439024390243902,0.7642276422764228,69,75,52,55,65,53,60,16,144,68,28,53,8,28,43,18,272,23,34,39,43,35,48,36,24,49,38,58,19,16,157,98,21,14,16,17,14,23,19,15,195,16,21,19
2021-10-04/2021-10-10,220168.6325,355,1078,0.0795774647887324,0.7211267605633803,66,61,55,69,52,52,56,22,126,63,29,59,16,19,50,18,252,36,28,40,26,47,38,38,39,29,34,66,24,14,144,90,17,23,14,23,15,18,24,17,167,19,17,18
2021-10-11/2021-10-17,267590.535,404,1210,0.07301980198019802,0.7178217821782178,64,69,72,62,75,62,50,14,158,85,49,48,15,21,62,13,293,42,41,56,44,41,34,32,42,36,36,97,12,17,167,89,22,14,17,21,26,20,12,25,215,21,22,11
2021-10-18/2021-10-24,276113.225,385,1180,0.07506493506493507,0.7558441558441559,60,67,65,70,64,59,54,24,132,80,43,52,13,15,60,12,285,30,33,27,39,47,43,34,36,31,65,82,17,19,163,89,15,13,19,24,11,25,17,18,197,20,15,26
2021-10-25/2021-10-31,234344.3525,376,1100,0.07792553191489363,0.7101063829787234,59,56,70,71,64,56,62,16,138,86,33,41,17,22,51,23,263,40,38,33,42,35,36,34,50,39,29,73,18,18,156,94,17,21,18,19,23,23,18,23,182,18,17,14
2021-11-01/2021-11-07,219643.6175,354,1018,0.07288135593220339,0.7344632768361582,57,58,65,59,64,51,45,13,135,79,33,49,20,16,61,17,240,38,22,44,45,31,39,38,28,31,38,67,15,12,147,95,18,17,12,15,20,20,15,10,189,20,18,18
2021-11-08/2021-11-14,254970.0875,363,1131,0.07162534435261708,0.721763085399449,61,46,67,69,66,54,51,22,146,58,36,50,15,16,59,15,258,30,43,34,26,27,41,42,45,39,36,71,14,19,146,88,25,18,19,27,15,18,14,14,167,28,25,18
2021-11-15/2021-11-21,236326.74,394,1146,0.07918781725888324,0.7411167512690355,58,71,77,57,81,50,53,17,137,83,36,68,14,23,55,25,277,37,27,40,43,40,39,44,47,34,43,84,20,21,157,92,20,22,21,26,19,18,20,19,189,21,20,19
2021-11-22/2021-11-28,254679.99,367,1084,0.07561307901907358,0.7602179836512262,63,76,69,55,44,60,56,20,115,74,42,60,15,25,51,21,255,42,37,30,43,29,45,36,40,36,29,84,21,23,133,95,11,25,23,15,20,11,21,22,175,24,11,20
2021-11-29/2021-12-05,271497.6125,382,1186,0.0700261780104712,0.7329842931937173,67,59,72,57,69,58,60,20,119,77,42,64,13,22,48,10,289,42,37,38,38,34,43,40,34,33,43,79,24,20,159,84,16,13,20,13,19,20,24,26,203,15,16,13
2021-12-06/2021-12-12,228956.7,353,995,0.07294617563739376,0.7450424929178471,46,59,65,63,70,50,58,14,135,63,34,49,20,20,63,23,227,39,34,42,39,39,31,25,37,32,35,84,15,12,138,76,28,21,12,16,14,15,15,23,179,17,28,13
2021-12-13/2021-12-19,234827.9425,374,1110,0.06804812834224598,0.7620320855614974,68,65,52,62,67,60,61,15,145,58,39,56,12,24,65,14,259,37,44,39,32,37,34,39,39,32,41,57,22,17,164,88,26,15,17,21,21,19,22,11,181,17,26,24
2021-12-20/2021-12-26,242299.745,389,1216,0.07352185089974293,0.6940874035989717,50,73,71,61,75,59,59,22,119,75,48,66,19,19,56,21,274,52,37,35,47,34,33,37,42,38,34,81,19,23,128,115,23,20,23,15,10,21,19,19,203,20,23,16
2021-12-27/2022-01-02,266455.1725,388,1240,0.07525773195876288,0.7448453608247423,69,77,52,60,63,67,66,15,150,87,27,43,25,23,45,23,272,33,51,37,41,37,44,47,32,31,35,85,19,23,141,102,18,20,23,20,16,27,19,32,181,16,18,16
2022-01-03/2022-01-09,272838.77,369,1086,0.07317073170731707,0.7642276422764228,59,61,68,55,66,60,46,20,127,70,45,61,17,22,60,14,256,45,38,41,34,34,35,39,43,24,36,70,24,20,145,89,21,20,20,14,12,21,24,22,178,13,21,24
2022-01-10/2022-01-16,278107.05,407,1231,0.06842751842751843,0.7493857493857494,65,62,82,73,62,63,58,19,135,79,47,69,21,19,70,12,285,44,47,25,44,33,40,52,46,33,43,88,17,20,161,101,20,22,20,19,24,14,17,18,208,23,20,22
2022-01-17/2022-01-23,269133.91,364,1127,0.0739010989010989,0.7939560439560439,51,59,68,63,73,50,53,20,126,71,31,63,16,17,65,16,250,36,43,38,37,32,46,28,38,27,39,70,15,20,158,82,19,18,20,14,17,15,15,17,186,20,19,23
2022-01-24/2022-01-30,271486.81,405,1203,0.08049382716049383,0.7407407407407407,65,70,71,69,72,58,59,23,135,77,50,61,14,25,65,22,279,44,37,40,45,50,36,43,32,33,45,69,10,22,184,101,19,14,22,18,15,29,10,18,208,22,19,30
2022-01-31/2022-02-06,266209.86,411,1240,0.07639902676399027,0.7104622871046229,75,61,75,76,67,57,65,22,156,75,38,55,18,22,52,16,303,42,51,41,45,37,41,46,36,32,40,66,17,20,172,110,26,33,20,19,18,22,17,22,199,11,26,24
2022-02-07/2022-02-13,283268.755,402,1205,0.06965174129353234,0.736318407960199,86,55,78,54,56,73,74,21,144,62,38,63,16,25,55,26,280,39,48,32,42,40,40,41,43,39,38,77,23,23,168,91,20,14,23,15,17,25,23,22,209,20,20,14
2022-02-14/2022-02-20,233648.4325,358,1102,0.07960893854748603,0.7625698324022346,68,56,61,56,49,68,51,21,132,74,35,45,18,13,49,23,255,32,28,41,45,33,42,35,44,33,25,78,22,18,143,85,12,17,18,22,19,26,22,23,166,15,12,18
2022-02-21/2022-02-27,237115.8725,357,1030,0.07114845938375351,0.7647058823529411,56,68,49,64,62,58,62,19,120,70,38,48,14,23,63,26,231,40,33,38,33,38,33,34,34,42,32,85,19,14,151,72,16,14,14,19,19,10,19,21,187,22,16,16
2022-02-28/2022-03-06,270248.89,407,1230,0.0708845208845209,0.714987714987715,68,70,64,70,74,61,66,22,156,69,29,65,25,26,54,21,281,47,33,37,34,43,49,40,38,33,53,84,16,24,160,101,22,22,24,25,27,17,16,16,203,21,22,14
2022-03-07/2022-03-13,267782.8175,387,1140,0.07351421188630491,0.7571059431524548,57,69,61,70,68,62,53,16,125,86,39,68,16,16,68,28,259,35,40,37,39,40,35,47,40,35,39,77,16,25,142,107,20,23,25,20,20,20,16,20,195,14,20,14
2022-03-14/2022-03-20,284972.1325,376,1157,0.0708776595744681,0.7553191489361702,61,50,71,73,60,61,49,16,133,73,49,56,13,17,53,31,262,32,41,33,43,37,29,43,29,44,45,79,23,16,145,94,19,26,16,17,24,17,23,23,178,13,19,20
2022-03-21/2022-03-27,276603.1125,377,1137,0.06684350132625995,0.7480106100795756,54,62,69,68,64,60,62,10,125,83,33,64,24,16,51,24,262,38,33,40,41,33,42,35,47,34,34,64,13,29,154,93,24,21,29,16,24,23,13,12,179,17,24,19
2022-03-28/2022-04-03,232545.60749999998,384,1102,0.072265625,0.6979166666666666,55,69,72,61,68,59,67,18,126,75,42,56,16,26,70,18,254,40,43,35,47,33,37,42,30,42,35,77,25,27,151,81,23,9,27,16,21,25,25,21,182,21,23,14
2022-04-04/2022-04-10,257787.79,371,1110,0.07452830188679246,0.7628032345013477,69,53,63,62,60,64,60,13,143,62,35,58,15,20,51,19,266,43,40,32,42,47,38,35,31,25,38,72,21,19,137,99,23,18,19,19,17,24,21,17,182,16,23,15
2022-04-11/2022-04-17,246623.4725,363,1067,0.07727272727272727,0.7410468319559229,74,54,61,58,62,54,56,13,132,72,35,55,12,16,50,15,270,33,39,41,39,45,34,34,23,34,41,74,14,15,155,88,17,17,15,29,14,16,14,18,185,20,17,18
2022-04-18/2022-04-24,252603.5925,370,1109,0.06743243243243242,0.745945945945946,67,64,62,65,49,63,58,21,138,59,38,56,18,19,54,16,263,41,36,37,34,32,30,50,36,34,40,72,18,13,160,95,12,16,13,22,17,17,18,17,205,17,12,16
2022-04-25/2022-05-01,300883.4275,432,1305,0.07395833333333333,0.7245370370370371,77,79,71,69,59,77,58,25,140,87,50,72,18,28,69,28,289,55,45,35,52,39,40,38,50,30,48,93,28,28,166,94,23,13,28,26,25,27,28,21,205,18,23,18
2022-05-02/2022-05-08,254488.0025,360,1084,0.07972222222222222,0.7583333333333333,54,61,55,61,70,59,66,14,137,57,32,54,20,17,56,12,255,32,39,32,42,34,33,38,30,42,38,72,15,25,148,82,18,20,25,20,26,15,15,18,165,14,18,24
2022-05-09/2022-05-15,240584.825,362,1095,0.07265193370165746,0.7403314917127072,62,73,56,54,60,57,52,21,127,75,32,55,16,30,47,18,251,39,32,32,44,34,34,41,28,37,41,63,16,14,149,95,25,24,14,26,18,18,16,12,177,17,25,15
2022-05-16/2022-05-22,274412.77749999997,405,1158,0.0691358024691358,0.7604938271604939,62,69,55,68,81,70,55,22,156,67,31,74,14,22,60,22,287,34,36,43,31,34,51,41,47,54,34,94,17,13,133,121,27,25,13,15,17,29,17,21,189,31,27,21
2022-05-23/2022-05-29,267527.35,412,1215,0.07172330097087379,0.7160194174757282,63,56,85,69,59,80,60,16,129,104,46,57,20,25,72,20,275,40,45,46,35,32,40,45,34,56,39,98,23,21,153,101,16,29,21,18,9,15,23,32,208,20,16,21
2022-05-30/2022-06-05,245437.66,388,1141,0.07048969072164948,0.7474226804123711,54,67,72,76,59,60,58,21,125,89,42,53,25,21,71,17,254,47,34,42,33,36,42,37,35,47,35,62,12,19,179,88,28,15,19,21,18,18,12,19,191,19,28,28
2022-06-06/2022-06-12,249639.0025,373,1130,0.0695710455764075,0.7211796246648794,67,52,57,80,54,63,59,15,121,81,49,48,17,20,59,17,260,43,47,41,35,39,37,37,32,31,31,74,27,21,148,78,25,16,21,25,15,15,27,21,167,21,25,20
2022-06-13/2022-06-19,302939.4525,433,1263,0.07598152424942263,0.7875288683602771,68,77,80,73,73,62,64,22,147,104,33,63,22,25,60,12,314,43,45,46,34,52,33,48,52,42,38,89,32,24,174,98,16,11,24,35,18,30,32,19,196,26,16,26
2022-06-20/2022-06-26,271699.84,383,1166,0.06984334203655353,0.7467362924281984,64,64,59,62,67,67,57,27,144,63,34,58,16,15,49,25,278,40,22,47,38,41,44,47,40,34,30,82,21,18,144,101,17,20,18,24,12,18,21,19,193,22,17,19
2022-06-27/2022-07-03,254388.615,384,1132,0.074609375,0.7317708333333334,61,65,73,62,70,53,60,23,145,70,36,50,10,21,59,22,272,36,36,44,38,30,42,43,31,46,38,75,30,17,152,90,20,13,17,16,23,31,30,13,179,23,20,19
2022-07-04/2022-07-10,259027.645,380,1166,0.07328947368421053,0.7605263157894737,71,71,69,54,63,52,58,19,140,69,40,54,16,21,67,13,263,34,38,39,39,50,37,33,44,35,31,69,24,27,147,90,23,18,27,24,18,16,24,17,179,14,23,20
2022-07-11/2022-07-17,262564.3225,379,1137,0.0683377308707124,0.7335092348284961,74,55,64,63,65,58,55,20,124,91,40,49,18,21,58,19,263,40,36,36,40,38,51,25,38,35,40,80,19,23,145,88,24,22,23,14,16,21,19,22,175,22,24,21
2022-07-18/2022-07-24,273082.6025,381,1135,0.07965879265091864,0.7795275590551181,64,57,63,68,68,61,62,22,128,83,32,54,14,20,61,12,274,41,35,44,40,50,31,34,28,36,42,79,24,25,143,89,21,17,25,20,22,24,24,28,169,15,21,16
2022-07-25/2022-07-31,290478.27,388,1151,0.0693298969072165,0.7603092783505154,61,68,67,56,70,66,64,25,125,61,40,73,18,24,62,12,272,30,43,45,39,42,39,42,43,28,37,64,25,18,166,98,17,24,18,21,23,19,25,16,187,15,17,23
2022-08-01/2022-08-07,261297.20249999998,411,1224,0.06642335766423357,0.7834549878345499,58,73,73,56,79,72,67,13,141,81,47,62,22,24,65,21,279,43,36,40,41,44,49,44,33,42,39,93,23,26,151,101,17,23,26,18,19,13,23,21,212,24,17,15
2022-08-08/2022-08-14,271009.975,378,1134,0.06706349206349206,0.7275132275132276,57,59,58,62,72,70,48,16,150,75,43,46,17,29,46,15,271,35,20,44,53,40,43,30,34,47,32,66,16,25,163,99,9,21,25,20,21,15,16,11,203,20,9,17
2022-08-15/2022-08-21,243487.9925,396,1145,0.06477272727272727,0.7196969696969697,73,52,64,75,83,49,76,22,121,84,43,50,21,28,59,29,259,47,36,36,42,39,32,41,54,29,40,86,19,16,169,87,19,15,16,23,22,17,19,25,200,20,19,20
2022-08-22/2022-08-28,237074.3325,370,1127,0.07932432432432433,0.727027027027027,46,49,66,66,68,75,53,16,128,86,36,51,12,13,70,11,264,37,41,33,31,27,38,42,31,51,39,74,14,11,143,110,18,25,11,18,17,18,14,19,190,18,18,22
2022-08-29/2022-09-04,217715.445,358,1045,0.07262569832402235,0.7039106145251397,64,55,59,57,57,66,48,15,136,79,43,37,14,26,51,22,245,34,28,32,38,36,32,42,41,41,34,78,16,11,150,86,17,12,11,16,24,14,16,18,202,13,17,15
2022-09-05/2022-09-11,298974.1475,399,1198,0.0661654135338346,0.7819548872180451,63,68,64,58,73,73,54,26,148,73,40,58,14,25,55,18,287,40,39,30,40,42,34,34,39,55,46,73,22,26,162,99,17,18,26,16,20,25,22,19,203,17,17,16
2022-09-12/2022-09-18,241212.145,416,1216,0.07716346153846154,0.7163461538461539,73,80,68,70,73,52,57,22,144,82,38,73,20,20,61,14,301,45,40,29,51,35,32,44,46,48,46,88,17,16,156,113,26,27,16,21,10,23,17,21,216,23,26,16
2022-09-19/2022-09-25,257237.56,386,1152,0.07435233160621761,0.7357512953367875,70,58,71,65,61,61,69,13,139,79,32,54,20,16,54,21,275,26,40,49,37,41,45,31,40,39,38,63,20,28,172,81,22,20,28,16,20,11,20,14,190,13,22,32
2022-09-26/2022-10-02,219275.05,347,1038,0.07017291066282422,0.7118155619596542,65,49,55,55,59,64,52,12,142,65,34,42,11,23,52,20,241,29,37,36,32,31,35,39,37,32,39,63,18,13,144,88,21,12,13,15,29,12,18,17,184,17,21,9
2022-10-03/2022-10-09,248311.9425,353,1068,0.08186968838526913,0.7875354107648725,59,53,49,65,62,65,54,21,113,73,34,58,12,16,56,12,257,40,36,43,40,34,26,40,29,33,32,67,22,20,140,92,12,19,20,24,12,14,22,14,170,23,12,23
2022-10-10/2022-10-16,273971.095,395,1196,0.07569620253164558,0.7341772151898734,68,59,74,62,73,59,53,20,123,89,50,60,14,23,53,24,281,40,31,35,37,41,46,47,46,38,34,70,19,24,174,87,21,12,24,21,25,16,19,14,204,22,21,17
2022-10-17/2022-10-23,260159.78,360,1094,0.07138888888888889,0.7444444444444445,56,50,71,60,71,52,59,17,117,71,43,53,13,18,49,13,267,37,39,40,37,25,36,36,32,48,30,69,16,11,155,91,18,18,11,27,21,13,16,17,187,14,18,18
2022-10-24/2022-10-30,282520.3025,391,1194,0.06854219948849105,0.7493606138107417,62,72,68,67,73,49,55,17,145,85,34,55,20,27,61,20,263,41,38,40,42,33,35,32,42,42,46,75,24,17,153,114,8,24,17,16,23,28,24,17,193,17,8,24
2022-10-31/2022-11-06,235639.2275,366,1074,0.07254098360655738,0.76775956284153,59,60,71,62,66,48,64,20,112,71,51,48,14,28,55,19,250,31,51,35,32,38,36,29,35,35,44,61,23,14,174,83,11,23,14,18,24,14,23,17,185,19,11,18
2022-11-07/2022-11-13,270786.7725,398,1252,0.07248743718592965,0.7311557788944724,70,71,65,72,52,68,67,22,136,80,33,60,19,24,49,17,289,45,37,34,39,44,51,39,29,42,38,85,20,16,165,100,12,24,16,16,21,22,20,20,204,24,12,19
2022-11-14/2022-11-20,258500.4125,385,1198,0.07805194805194805,0.7350649350649351,57,63,66,65,62,72,58,20,130,80,37,60,23,19,68,16,259,37,39,43,41,31,34,40,33,40,47,73,36,13,148,104,11,17,13,16,19,21,36,19,189,25,11,19
2022-11-21/2022-11-27,240774.3125,367,1117,0.07302452316076294,0.7029972752043597,61,57,64,63,65,57,48,21,128,66,46,58,16,15,48,13,275,36,37,37,31,37,39,33,41,32,44,72,18,15,159,86,17,16,15,15,22,19,18,17,187,19,17,22
2022-11-28/2022-12-04,294894.835,408,1220,0.07107843137254902,0.7696078431372549,70,62,79,68,77,52,59,24,135,99,34,57,11,20,63,16,298,46,40,41,39,37,48,37,42,42,36,82,15,23,168,103,17,17,23,25,22,25,15,20,202,19,17,23
2022-12-05/2022-12-11,280687.445,393,1173,0.07786259541984733,0.7735368956743003,76,66,68,56,54,73,53,23,145,91,27,54,16,15,65,30,267,50,48,36,35,32,36,27,45,46,38,77,26,19,160,94,17,22,19,14,23,12,26,19,200,17,17,24
2022-12-12/2022-12-18,266003.7,388,1153,0.07422680412371134,0.7448453608247423,69,65,72,72,68,42,59,17,136,88,36,52,15,25,62,15,271,36,38,48,37,41,41,34,39,38,36,79,23,13,141,102,30,19,13,23,18,25,23,23,172,25,30,17
2022-12-19/2022-12-25,251840.455,376,1107,0.07194148936170212,0.7632978723404256,65,58,53,62,68,70,56,10,141,84,36,49,16,15,68,23,254,35,29,43,36,42,35,39,38,41,38,83,28,20,147,84,14,17,20,21,16,17,28,20,179,24,14,20
2022-12-26/2023-01-01,315325.9425,413,1267,0.07106537530266344,0.7675544794188862,60,76,82,70,51,74,73,23,153,75,40,49,13,32,58,23,287,37,38,47,33,41,37,36,43,53,48,71,16,17,190,99,20,19,17,15,33,21,16,19,217,21,20,15
2023-01-02/2023-01-08,254859.75,391,1210,0.07391304347826087,0.7084398976982097,59,61,70,62,78,61,47,26,138,88,44,48,24,23,57,23,264,30,42,63,39,33,33,40,43,34,34,61,20,22,161,115,12,22,22,22,17,16,20,6,209,19,12,26
2023-01-09/2023-01-15,259847.5525,375,1108,0.07453333333333333,0.808,63,59,55,68,71,59,63,18,131,81,25,57,9,26,48,20,272,41,26,33,45,33,35,46,44,33,39,80,20,14,134,104,23,27,14,20,15,17,20,24,177,20,23,18
2023-01-16/2023-01-22,283433.055,404,1215,0.0745049504950495,0.7896039603960396,67,63,66,69,57,82,51,18,160,85,35,55,11,31,66,12,284,40,49,31,42,37,35,44,39,55,32,66,22,19,169,100,28,23,19,25,25,21,22,22,183,15,28,21
2023-01-23/2023-01-29,268048.7875,374,1115,0.07098930481283422,0.7807486631016043,64,62,57,68,57,66,59,22,132,78,33,50,17,25,50,22,260,37,33,36,34,44,42,41,33,34,40,74,15,25,146,95,19,18,25,22,17,22,15,25,174,11,19,26
2023-01-30/2023-02-05,300949.5725,407,1260,0.07862407862407862,0.7641277641277642,56,65,73,60,78,75,50,20,151,81,33,72,30,24,73,18,262,31,35,39,40,44,31,34,49,45,59,75,13,22,156,119,22,28,22,11,22,25,13,23,208,16,22,17
2023-02-06/2023-02-12,273641.5125,389,1182,0.07930591259640103,0.7532133676092545,68,56,63,54,81,67,66,21,128,75,41,58,11,24,55,23,276,34,33,47,41,41,34,28,58,29,44,69,13,13,172,104,18,22,13,22,19,22,13,20,198,19,18,23
2023-02-13/2023-02-19,260651.53,386,1171,0.0727979274611399,0.7435233160621761,65,63,64,64,61,69,65,28,126,75,44,48,20,24,50,19,273,34,30,45,43,52,47,37,41,22,35,76,29,8,167,87,19,15,8,16,17,14,29,21,217,16,19,14
2023-02-20/2023-02-26,224266.4875,354,1017,0.07584745762711864,0.7570621468926554,65,52,68,50,67,52,63,18,120,73,34,46,9,19,51,12,263,30,29,37,37,28,44,32,37,43,37,60,23,21,150,85,15,20,21,22,22,19,23,12,171,15,15,14
2023-02-27/2023-03-05,255472.23249999998,382,1140,0.0668848167539267,0.725130890052356,62,60,65,56,64,75,62,24,129,79,44,44,12,29,66,20,255,40,40,37,42,38,34,33,50,30,38,73,20,27,158,82,22,14,27,16,20,10,20,12,202,16,22,23
2023-03-06/2023-03-12,233106.805,350,1032,0.07585714285714286,0.7457142857142857,55,54,73,62,48,58,54,21,122,57,40,56,11,24,40,27,248,34,31,35,29,47,26,37,38,39,34,70,15,27,122,96,20,17,27,16,16,13,15,11,182,18,20,15
2023-03-13/2023-03-19,278989.545,420,1275,0.07119047619047619,0.7119047619047619,68,76,67,80,63,66,51,13,158,84,47,67,15,27,60,13,305,47,46,40,42,41,40,42,45,50,27,87,24,23,163,100,23,21,23,15,26,22,24,18,199,24,23,25
2023-03-20/2023-03-26,278357.7575,374,1146,0.06590909090909092,0.7887700534759359,63,49,71,60,58,73,58,15,118,82,40,61,14,24,53,16,267,23,39,38,42,32,44,38,41,47,30,64,19,19,152,99,21,17,19,14,22,24,19,13,186,20,21,19
2023-03-27/2023-04-02,238720.0175,387,1144,0.06834625322997416,0.7183462532299741,69,58,71,65,70,54,60,13,137,85,37,55,10,20,52,17,288,36,46,45,44,32,38,28,50,36,32,65,22,14,161,111,14,17,14,21,9,22,22,16,219,15,14,18
2023-04-03/2023-04-09,269688.94,390,1150,0.0726923076923077,0.764102564102564,63,75,64,55,76,57,57,17,131,84,38,63,19,18,63,17,273,39,34,32,35,42,34,43,47,42,42,86,12,17,164,97,14,15,17,22,19,18,12,22,200,24,14,27
2023-04-10/2023-04-16,247517.515,349,1034,0.07320916905444126,0.7621776504297995,61,58,50,76,61,43,37,20,122,81,30,59,8,22,51,15,253,31,38,38,37,35,38,23,40,37,32,76,15,21,140,86,11,23,21,13,19,18,15,14,173,23,11,19
2023-04-17/2023-04-23,285661.495,403,1237,0.07133995037220843,0.7468982630272953,73,65,58,75,61,71,53,14,140,101,36,59,15,18,68,23,279,49,36,48,44,34,43,44,30,37,38,88,21,22,166,92,14,17,22,21,21,14,21,25,206,25,14,17
2023-04-24/2023-04-30,286834.6375,386,1225,0.07253886010362694,0.7590673575129534,65,51,64,79,68,59,58,16,131,86,36,59,11,19,45,19,292,35,41,45,35,43,41,35,35,37,39,93,23,21,144,90,15,19,21,15,21,16,23,25,178,32,15,21
2023-05-01/2023-05-07,251135.595,362,1066,0.07720994475138121,0.7348066298342542,62,52,57,65,57,69,54,8,134,77,30,59,8,21,61,21,251,42,35,39,43,32,36,35,47,24,29,75,17,17,144,94,15,19,17,20,16,18,17,18,177,20,15,25
2023-05-08/2023-05-14,254090.5025,357,1100,0.07829131652661064,0.7647058823529411,63,61,68,41,54,70,60,13,130,64,33,57,19,16,59,12,251,34,39,40,35,32,32,34,27,47,37,78,12,12,142,89,24,23,12,15,15,17,12,21,174,22,24,22
2023-05-15/2023-05-21,264640.325,399,1196,0.07456140350877193,0.7268170426065163,67,69,65,71,63,64,41,27,154,86,36,55,14,22,49,20,294,43,49,39,43,37,38,39,41,33,37,73,27,23,165,89,22,19,23,22,21,17,27,18,197,15,22,18
2023-05-22/2023-05-28,299248.1825,419,1257,0.07255369928400955,0.7852028639618138,61,84,78,62,73,61,63,23,145,85,42,61,27,30,55,21,286,43,36,45,42,49,39,30,49,47,39,88,16,17,157,112,29,22,17,13,15,21,16,14,219,24,29,29
2023-05-29/2023-06-04,264747.6925,405,1166,0.0745679012345679,0.7901234567901234,58,55,61,90,75,66,53,26,138,78,39,71,12,27,62,23,281,36,39,40,40,39,40,36,48,39,48,73,22,19,176,98,17,25,19,23,23,10,22,20,207,14,17,25
2023-06-05/2023-06-11,275011.7025,408,1260,0.0670343137254902,0.7303921568627451,75,46,78,71,65,73,66,20,148,79,31,64,16,32,71,17,272,36,29,36,32,39,51,32,54,44,55,82,16,17,164,106,23,23,17,20,24,15,16,19,204,26,23,21
2023-06-12/2023-06-18,221965.5,363,1097,0.07754820936639119,0.71900826446281,68,59,46,68,57,65,52,17,134,73,39,48,14,27,57,18,247,22,44,32,42,31,26,32,45,45,44,54,19,22,156,96,16,22,22,19,12,13,19,16,189,17,16,18
2023-06-19/2023-06-25,235033.395,380,1143,0.07894736842105263,0.7236842105263158,62,71,63,55,63,66,57,24,135,76,34,54,19,20,63,19,259,25,36,44,35,37,35,33,41,40,54,78,15,14,158,95,20,16,14,20,13,24,15,23,187,24,20,24
2023-06-26/2023-07-02,244365.1725,368,1155,0.07622282608695652,0.7146739130434783,58,61,59,60,63,67,59,20,112,87,42,48,18,18,49,14,269,38,43,24,35,43,39,45,25,37,39,77,27,12,154,87,11,19,12,23,15,12,27,18,194,23,11,14
2023-07-03/2023-07-09,250569.9625,398,1231,0.07324120603015076,0.6733668341708543,55,73,74,59,64,73,65,21,147,71,47,47,14,29,50,15,290,36,37,39,48,34,41,47,38,44,34,89,22,15,168,84,20,14,15,25,19,20,22,21,198,21,20,23
2023-07-10/2023-07-16,264007.8625,374,1158,0.08221925133689839,0.7647058823529411,69,56,65,63,59,62,66,12,133,65,32,66,16,22,70,16,250,36,31,28,32,39,45,45,44,37,37,72,25,19,152,88,18,20,19,19,24,18,25,20,173,19,18,19
2023-07-17/2023-07-23,277347.47,395,1183,0.07632911392405063,0.7518987341772152,66,63,71,66,59,70,58,21,141,85,40,50,17,32,58,10,278,39,41,42,44,35,49,48,33,33,31,88,26,16,146,102,17,15,16,21,19,25,26,21,190,24,17,21
2023-07-24/2023-07-30,254818.3425,385,1111,0.07077922077922078,0.7896103896103897,67,59,60,70,62,67,68,22,141,73,35,46,14,15,75,24,257,41,40,31,39,45,40,40,35,46,28,85,15,16,156,94,19,22,16,19,16,19,15,17,202,23,19,17
2023-07-31/2023-08-06,260056.9925,422,1279,0.06954976303317535,0.7109004739336493,78,64,76,57,92,55,57,20,162,86,41,56,21,24,63,14,300,48,50,46,44,33,43,39,47,29,43,90,20,29,151,120,12,27,29,23,23,24,20,23,202,18,12,21
2023-08-07/2023-08-13,275859.97,421,1273,0.07434679334916865,0.7268408551068883,62,75,93,65,58,68,64,24,143,79,42,69,20,29,71,25,276,39,47,37,41,42,35,41,40,44,55,88,16,22,178,104,13,21,22,19,18,32,16,23,196,31,13,30
2023-08-14/2023-08-20,249649.935,368,1053,0.07092391304347827,0.7635869565217391,69,75,45,65,56,58,53,21,123,70,37,64,20,17,58,9,264,28,38,38,44,36,44,33,34,29,44,74,16,24,154,84,16,16,24,13,28,15,16,18,183,20,16,19
2023-08-21/2023-08-27,230796.19,371,1056,0.0669811320754717,0.7466307277628033,73,67,56,60,52,63,54,16,145,69,38,49,23,25,61,15,247,39,46,42,35,36,29,31,36,27,50,69,19,23,136,93,31,25,23,13,10,16,19,19,175,20,31,20
2023-08-28/2023-09-03,266681.8,371,1168,0.07425876010781671,0.7439353099730458,64,61,67,60,59,60,53,25,132,61,39,61,12,13,54,25,267,46,43,35,35,40,25,35,44,39,29,73,16,17,147,101,17,26,17,16,20,23,16,17,186,19,17,14
2023-09-04/2023-09-10,273153.11,386,1202,0.07163212435233161,0.7383419689119171,63,68,74,61,60,60,61,14,132,76,43,60,10,23,55,17,281,48,38,39,47,39,36,38,34,32,35,77,21,15,166,84,23,17,15,18,18,19,21,20,183,21,23,31
2023-09-11/2023-09-17,215205.6175,366,1092,0.06543715846994536,0.6939890710382514,65,68,60,56,62,55,57,21,119,72,42,55,20,24,56,14,252,32,40,41,36,35,39,33,40,30,40,62,23,22,147,101,11,21,22,24,18,18,23,18,180,15,11,16
2023-09-18/2023-09-24,275918.7925,412,1257,0.07512135922330097,0.7427184466019418,74,69,62,71,68,68,46,17,151,79,45,74,20,32,52,17,291,42,42,45,39,36,34,49,49,43,33,75,25,27,180,88,17,19,27,29,22,15,25,23,193,24,17,18
2023-09-25/2023-10-01,260710.9575,398,1209,0.06884422110552764,0.7261306532663316,49,68,79,66,73,63,63,17,135,90,39,54,12,25,72,10,279,42,31,45,42,37,38,34,37,47,45,68,21,20,159,106,24,17,20,15,25,28,21,16,198,19,24,15
2023-10-02/2023-10-08,233252.8475,345,1068,0.07188405797101449,0.6753623188405797,55,58,62,58,58,54,54,14,131,61,33,52,16,21,54,16,238,30,34,39,33,35,44,35,36,29,30,70,21,20,140,81,13,15,20,12,25,18,21,22,160,22,13,17
2023-10-09/2023-10-15,280070.5925,393,1205,0.07798982188295166,0.7557251908396947,64,66,63,65,63,72,62,22,143,75,35,56,18,18,46,20,291,32,37,45,37,48,32,40,36,42,44,85,23,14,147,104,20,14,14,22,21,27,23,17,195,23,20,17
2023-10-16/2023-10-22,214284.825,363,1063,0.08016528925619835,0.6887052341597796,57,72,68,52,54,60,61,12,137,74,38,41,16,18,65,13,251,38,37,29,36,41,44,47,39,28,24,84,15,17,162,81,4,11,17,25,15,12,15,25,197,22,4,20
2023-10-23/2023-10-29,285048.675,389,1203,0.07866323907455013,0.7223650385604113,65,56,67,71,73,57,45,19,143,77,48,57,14,30,55,18,272,45,43,39,38,40,34,37,40,42,31,80,14,30,128,112,25,32,30,21,11,15,14,23,180,20,25,18
2023-10-30/2023-11-05,303503.2275,403,1235,0.071712158808933,0.7692307692307693,60,60,66,70,79,68,65,21,144,87,28,58,9,18,60,25,291,40,41,33,36,44,41,47,48,28,45,96,20,21,157,94,15,18,21,16,20,14,20,22,209,30,15,18
2023-11-06/2023-11-12,257928.2575,398,1181,0.0722361809045226,0.7738693467336684,86,59,60,62,64,67,58,21,143,83,43,50,18,28,64,18,270,57,37,26,45,45,48,29,36,41,34,76,18,23,174,97,10,15,23,21,20,17,18,19,212,19,10,24
2023-11-13/2023-11-19,273159.545,397,1243,0.07040302267002518,0.7455919395465995,69,62,73,70,60,63,57,17,152,86,32,53,13,34,52,22,276,37,34,50,45,40,26,39,50,41,35,83,21,16,147,106,24,27,16,18,16,17,21,23,193,20,24,22
2023-11-20/2023-11-26,240541.8875,367,1096,0.07070844686648502,0.7138964577656676,83,51,56,63,54,60,47,19,129,78,29,65,17,17,65,24,244,35,36,30,47,37,40,28,41,34,39,74,17,23,168,74,11,18,23,28,25,9,17,21,180,21,11,14
2023-11-27/2023-12-03,237685.71,361,1059,0.07409972299168975,0.7423822714681441,55,66,63,63,49,65,46,12,116,75,45,67,12,16,53,20,260,49,28,37,41,27,41,30,38,39,31,72,19,24,128,97,21,19,24,12,17,18,19,15,188,16,21,12
2023-12-04/2023-12-10,260748.2175,405,1186,0.06802469135802469,0.7407407407407407,76,49,54,75,69,82,74,21,147,79,37,47,23,29,56,16,281,40,32,51,35,34,45,42,53,33,40,67,24,24,171,105,14,22,24,29,15,24,24,21,194,17,14,21
2023-12-11/2023-12-17,283842.015,400,1187,0.07212500000000001,0.7625,65,64,69,68,70,64,62,14,140,77,43,64,13,17,71,17,282,45,53,43,45,37,38,38,32,38,31,74,18,15,170,100,23,17,15,18,34,23,18,14,188,26,23,24
2023-12-18/2023-12-24,255425.275,381,1121,0.07860892388451443,0.7821522309711286,59,54,73,65,54,76,62,12,133,80,42,52,15,21,48,17,280,37,33,32,29,38,42,33,54,33,50,65,18,20,155,96,27,20,20,19,20,21,18,18,181,16,27,21
2023-12-25/2023-12-31,264660.745,381,1154,0.06719160104986877,0.7165354330708661,54,68,75,48,63,73,52,19,129,72,49,60,16,25,57,17,266,35,29,45,42,35,29,34,44,50,38,75,20,17,138,109,22,22,17,12,18,14,20,19,197,24,22,16
2024-01-01/2024-01-07,272431.2375,417,1220,0.0671462829736211,0.762589928057554,63,73,78,67,67,69,68,28,150,75,37,59,17,21,52,24,303,59,35,52,39,42,37,26,42,36,49,80,20,30,157,112,18,23,30,23,26,23,20,19,198,20,18,17
2024-01-08/2024-01-14,235128.3375,366,1078,0.07226775956284152,0.7459016393442623,53,63,48,62,70,70,53,15,127,84,39,48,13,31,46,17,259,35,25,43,38,33,46,35,48,30,33,71,11,17,138,106,23,22,17,19,21,14,11,18,188,13,23,20
2024-01-15/2024-01-21,251945.5625,364,1084,0.06675824175824176,0.7445054945054945,67,54,53,56,64,70,55,15,136,69,32,57,13,12,58,15,266,39,41,43,42,39,31,45,29,33,22,77,15,21,141,83,27,17,21,22,11,13,15,15,180,21,27,22
2024-01-22/2024-01-28,252719.0925,370,1102,0.06824324324324324,0.7378378378378379,60,59,65,62,65,59,64,18,116,74,31,67,14,25,47,22,262,30,47,34,43,36,36,46,32,34,32,67,14,16,151,103,19,16,16,21,18,23,14,16,186,22,19,19
2024-01-29/2024-02-04,256731.2825,380,1169,0.07657894736842105,0.7447368421052631,72,52,71,51,76,58,57,21,133,71,43,55,21,23,47,18,271,40,49,35,34,26,45,32,37,36,46,70,27,22,156,87,18,19,22,19,11,12,27,27,189,11,18,25
2024-02-05/2024-02-11,255317.46,385,1146,0.07298701298701299,0.7090909090909091,66,67,57,53,69,73,62,17,141,67,42,56,26,18,73,22,246,42,38,37,37,41,43,35,38,30,44,72,18,16,167,96,16,23,16,19,27,17,18,16,201,10,16,22
2024-02-12/2024-02-18,235500.16999999998,368,1131,0.06956521739130435,0.717391304347826,60,72,50,64,58,64,52,13,131,72,41,59,12,24,55,19,258,37,41,24,36,42,36,27,43,45,37,78,17,15,148,96,14,16,15,27,17,20,17,14,183,26,14,19
2024-02-19/2024-02-25,280663.7225,368,1089,0.06942934782608697,0.7880434782608695,68,51,69,63,64,53,58,22,124,67,32,65,17,12,51,28,260,42,36,35,26,36,42,34,42,40,35,67,19,18,144,104,16,22,18,22,23,17,19,17,179,18,16,17
2024-02-26/2024-03-03,243830.455,391,1153,0.0792838874680307,0.7468030690537084,64,73,63,66,65,60,51,18,148,71,40,63,20,20,66,24,261,34,36,30,33,42,48,46,41,42,39,86,17,21,150,102,15,23,21,16,22,25,17,22,194,23,15,13
2024-03-04/2024-03-10,258589.11,396,1108,0.0773989898989899,0.7449494949494949,64,56,64,75,65,72,66,23,131,86,45,45,19,18,62,23,274,42,41,40,37,38,38,33,50,44,33,99,21,19,144,90,23,20,19,22,22,19,21,27,184,23,23,16
2024-03-11/2024-03-17,238703.50999999998,376,1127,0.07340425531914894,0.7074468085106383,65,52,70,66,59,64,48,27,119,78,42,62,18,19,53,29,257,39,33,35,35,36,37,33,49,40,39,69,12,11,171,88,25,13,11,28,21,20,12,23,180,19,25,24
2024-03-18/2024-03-24,243290.38999999998,390,1162,0.07884615384615384,0.7410256410256411,60,62,66,66,80,56,66,14,150,62,54,44,6,19,60,26,279,45,37,43,45,38,37,34,36,38,37,71,14,22,163,94,26,21,22,18,25,17,14,17,198,12,26,20
2024-03-25/2024-03-31,305362.08999999997,410,1244,0.075,0.7951219512195122,68,58,70,73,70,71,68,24,136,76,41,65,20,22,65,19,284,39,37,46,39,40,43,40,43,33,50,58,25,18,176,115,18,19,18,27,29,18,25,15,202,18,18,21
2024-04-01/2024-04-07,266471.8975,389,1162,0.06632390745501286,0.7609254498714653,52,71,65,71,71,59,55,10,145,81,42,56,20,25,63,15,266,32,53,33,44,39,41,42,39,30,36,86,20,17,152,101,13,19,17,17,23,25,20,27,189,25,13,14
2024-04-08/2024-04-14,257657.17,387,1134,0.07661498708010336,0.751937984496124,63,54,63,65,74,68,65,18,138,74,34,58,23,26,61,16,261,35,44,52,36,43,28,39,38,34,38,83,21,15,152,98,18,18,15,20,14,19,21,25,197,20,18,20
2024-04-15/2024-04-21,250271.0,379,1103,0.07255936675461741,0.7572559366754618,69,54,60,67,67,62,65,16,141,68,37,52,15,23,53,23,265,38,33,35,43,35,37,31,37,46,44,75,18,14,159,87,26,18,14,14,17,21,18,22,195,12,26,22
2024-04-22/2024-04-28,266936.3325,395,1238,0.07417721518987341,0.7088607594936709,76,56,64,56,79,64,51,21,134,84,40,65,14,17,46,22,296,42,42,43,36,35,38,40,38,38,43,63,24,24,160,106,18,17,24,26,15,21,24,15,196,13,18,26
2024-04-29/2024-05-05,274952.495,369,1120,0.06924119241192413,0.7425474254742548,65,59,60,58,55,72,61,15,130,79,34,50,12,26,68,18,245,44,30,37,40,31,43,37,31,39,37,77,17,20,125,100,30,22,20,13,21,20,17,17,181,20,30,8
2024-05-06/2024-05-12,275678.0525,382,1147,0.07643979057591622,0.7801047120418848,70,63,68,59,71,51,60,20,117,78,43,64,17,22,51,28,264,40,41,41,35,34,39,42,31,43,36,70,21,17,148,102,24,22,17,23,17,24,21,23,180,16,24,15
2024-05-13/2024-05-19,302784.185,419,1271,0.07326968973747017,0.747016706443914,76,71,72,60,66,74,39,24,148,94,43,71,16,21,60,24,298,44,47,43,47,35,39,48,36,33,47,86,28,29,139,106,31,17,29,8,23,24,28,22,198,25,31,14
2024-05-20/2024-05-26,297478.06,419,1265,0.06837708830548926,0.7541766109785203,69,59,80,85,59,67,50,35,140,85,43,66,17,21,74,20,287,33,40,51,47,50,39,39,39,39,42,95,13,21,161,101,28,26,21,18,31,23,13,35,180,25,28,19
2024-05-27/2024-06-02,241247.23,365,1121,0.07547945205479452,0.7150684931506849,60,58,61,64,67,55,53,23,138,76,35,40,15,16,46,23,265,34,26,31,41,33,37,39,41,46,37,64,20,24,153,88,16,13,24,22,15,23,20,16,183,12,16,21
2024-06-03/2024-06-09,260063.94,407,1261,0.0714987714987715,0.742014742014742,74,60,74,64,63,72,67,22,153,71,32,62,17,25,58,22,285,36,45,35,47,35,47,40,44,37,41,78,21,22,162,103,21,18,22,24,23,28,21,20,183,20,21,27
2024-06-10/2024-06-16,276489.545,391,1218,0.08069053708439898,0.7391304347826086,73,65,56,69,68,60,54,27,128,84,32,66,13,21,48,12,297,41,32,37,35,42,42,42,49,38,33,78,19,19,143,114,18,23,19,23,17,29,19,15,196,21,18,11
2024-06-17/2024-06-23,276166.705,400,1211,0.07087500000000001,0.75,73,69,63,68,60,67,62,27,133,74,45,59,9,21,61,24,285,53,38,45,33,37,42,30,41,33,48,82,17,20,176,87,18,19,20,16,25,15,17,27,202,14,18,27
2024-06-24/2024-06-30,254193.5875,369,1128,0.07384823848238482,0.7425474254742548,59,64,62,60,58,66,59,20,123,66,38,63,14,15,57,23,260,33,30,53,53,33,25,39,38,36,29,69,17,21,162,88,12,17,21,21,28,20,17,20,174,24,12,15
2024-07-01/2024-07-07,250957.2525,372,1113,0.08293010752688172,0.7419354838709677,55,71,60,63,53,70,60,16,130,74,40,52,16,16,62,15,263,49,33,33,36,35,38,33,39,39,37,67,23,11,142,102,27,23,11,15,11,20,23,13,193,19,27,17
2024-07-08/2024-07-14,241295.2625,345,1025,0.06840579710144928,0.7884057971014493,48,63,59,65,61,49,49,18,128,65,31,54,13,23,55,16,238,46,43,20,32,32,34,23,33,39,43,62,23,25,136,79,20,17,25,14,17,15,23,18,165,17,20,14
2024-07-15/2024-07-21,251414.8125,384,1136,0.07213541666666666,0.7552083333333334,60,62,70,61,70,61,47,19,127,89,44,58,16,29,65,18,256,32,30,38,36,35,40,39,46,44,44,88,15,19,142,99,21,23,19,21,20,25,15,21,187,21,21,11
2024-07-22/2024-07-28,257632.23,355,1041,0.06352112676056339,0.7661971830985915,52,65,57,63,51,67,33,20,142,68,26,66,8,31,55,25,236,31,48,46,32,32,41,35,33,33,24,74,27,14,147,78,15,21,14,13,13,13,27,18,180,15,15,26
2024-07-29/2024-08-04,270338.485,396,1197,0.07512626262626262,0.7550505050505051,58,67,72,63,71,65,65,22,148,65,37,59,16,26,49,13,292,37,42,41,45,29,39,42,39,42,40,82,26,18,162,91,17,20,18,24,12,20,26,25,201,14,17,19
2024-08-05/2024-08-11,277562.665,404,1261,0.07858910891089109,0.754950495049505,66,69,73,69,75,52,62,17,156,80,35,54,22,25,54,22,281,40,43,40,38,36,40,48,30,35,54,69,26,24,157,109,19,23,24,19,19,18,26,13,212,15,19,16
2024-08-12/2024-08-18,263723.5475,420,1198,0.07690476190476192,0.7476190476190476,78,69,68,72,67,66,61,20,142,89,39,69,17,29,64,28,282,44,38,47,48,42,31,42,39,39,50,82,16,17,183,101,21,20,17,16,15,22,16,27,226,21,21,19
2024-08-19/2024-08-25,237184.055,344,1009,0.06148255813953489,0.7354651162790697,67,60,62,65,53,37,46,15,134,66,27,56,9,19,61,20,235,28,39,35,30,40,32,30,36,41,33,76,17,15,128,94,14,18,15,22,15,17,17,19,177,15,14,15
2024-08-26/2024-09-01,272034.1825,401,1235,0.07281795511221945,0.743142144638404,64,66,63,65,75,68,55,23,133,86,49,55,18,19,54,16,294,39,31,51,39,40,43,39,44,46,29,88,17,22,150,106,18,24,22,21,21,15,17,21,197,24,18,21
2024-09-02/2024-09-08,257896.2675,359,1031,0.07520891364902507,0.7883008356545961,60,55,55,73,59,57,50,21,124,70,38,56,11,18,43,22,265,31,43,28,35,36,41,41,38,31,35,76,23,20,132,92,16,14,20,10,17,18,23,19,187,19,16,16
2024-09-09/2024-09-15,229133.23249999998,356,1026,0.07794943820224719,0.7584269662921348,70,61,52,56,55,62,63,23,119,73,34,44,12,18,47,13,266,41,37,46,29,30,29,42,30,39,33,64,24,15,145,86,22,24,15,19,23,22,24,17,156,20,22,14
2024-09-16/2024-09-22,280156.3875,420,1286,0.07761904761904763,0.7166666666666667,86,65,68,62,65,74,67,21,151,79,36,66,20,29,67,21,283,45,30,38,46,50,41,43,37,45,45,84,25,21,175,100,15,26,21,24,15,16,25,22,216,17,15,23
2024-09-23/2024-09-29,238920.155,365,1040,0.07424657534246576,0.7150684931506849,68,52,64,55,64,62,59,17,136,65,35,53,19,17,67,13,249,35,38,52,41,33,36,38,23,35,34,69,18,26,147,91,14,20,26,19,27,18,18,17,174,17,14,15
2024-09-30/2024-10-06,222980.5225,344,1037,0.06947674418604652,0.7267441860465116,67,55,57,47,65,53,57,19,117,73,25,53,9,16,48,13,258,30,33,42,28,35,36,40,38,28,34,73,16,22,123,89,21,22,22,16,17,21,16,19,141,28,21,21
2024-10-07/2024-10-13,247338.055,358,1077,0.07248603351955307,0.723463687150838,70,63,64,54,59,48,42,22,120,71,34,69,13,26,69,15,235,42,34,35,30,32,35,43,37,29,41,71,15,20,150,82,20,15,20,19,11,16,15,18,189,16,20,19
2024-10-14/2024-10-20,253636.2125,387,1161,0.07196382428940569,0.772609819121447,62,72,56,57,65,75,59,14,138,79,32,65,14,15,57,17,284,43,39,42,29,35,37,41,42,42,37,85,19,19,161,83,20,18,19,24,16,15,19,17,193,27,20,19
2024-10-21/2024-10-27,274837.3625,388,1204,0.06984536082474227,0.7654639175257731,71,53,66,76,68,54,51,19,136,80,41,61,14,16,56,22,280,37,48,37,45,35,41,41,37,38,29,74,26,20,157,89,22,19,20,16,29,19,26,19,186,15,22,17
2024-10-28/2024-11-03,258034.0775,381,1161,0.065748031496063,0.7559055118110236,68,57,56,69,60,71,55,22,121,85,31,67,12,25,56,17,271,40,40,30,37,30,41,40,38,49,36,79,15,23,141,104,19,23,23,16,15,21,15,24,189,17,19,19
2024-11-04/2024-11-10,279864.34249999997,392,1201,0.07283163265306122,0.75,75,64,62,57,72,62,61,20,118,85,38,70,12,16,63,13,288,39,28,52,32,24,38,53,44,30,52,88,21,23,143,100,17,18,23,25,21,18,21,16,194,23,17,16
2024-11-11/2024-11-17,285239.0725,393,1250,0.07353689567430026,0.7430025445292621,70,63,57,72,69,62,67,29,135,73,32,57,16,23,68,13,273,36,50,34,46,33,40,36,43,40,35,86,18,30,129,105,25,17,30,18,13,20,18,24,185,24,25,19
2024-11-18/2024-11-24,257026.0,383,1143,0.07297650130548303,0.7441253263707572,60,60,55,65,71,72,57,22,137,72,39,56,19,28,61,16,259,41,31,42,29,38,40,39,53,34,36,75,20,19,139,107,23,25,19,18,18,28,20,23,182,16,23,11
2024-11-25/2024-12-01,236265.7825,343,1006,0.07201166180758017,0.749271137026239,41,56,52,60,57,77,59,10,110,70,33,61,15,17,54,22,235,37,38,36,34,40,30,32,20,44,32,63,23,11,149,86,11,14,11,19,22,21,23,18,175,16,11,13
2024-12-02/2024-12-08,263134.3225,362,1097,0.07776243093922652,0.7596685082872928,59,71,66,58,58,50,44,19,136,74,26,63,9,26,55,19,253,27,40,44,35,43,31,30,43,27,42,71,16,15,138,97,25,19,15,19,16,30,16,17,166,18,25,21
2024-12-09/2024-12-15,262897.5625,395,1151,0.07139240506329114,0.7341772151898734,58,84,65,68,57,63,61,19,139,90,37,49,19,26,58,20,272,35,27,41,36,49,39,39,46,34,49,76,23,29,171,89,7,17,29,19,24,16,23,18,195,25,7,22
2024-12-16/2024-12-22,245397.975,376,1115,0.0800531914893617,0.7420212765957447,69,58,58,59,66,66,60,30,118,74,40,54,18,15,70,18,255,46,28,39,45,39,36,43,34,32,34,60,24,20,153,102,17,21,20,26,16,15,24,16,188,13,17,20
2024-12-23/2024-12-29,261036.81,395,1195,0.0720253164556962,0.7265822784810126,64,62,62,62,76,69,50,17,136,94,36,62,17,24,48,17,289,43,40,36,49,30,38,38,40,38,43,68,21,17,172,100,17,25,17,23,27,19,21,20,197,8,17,21
